id,state_id,create_uid,write_uid
res_country_state_city_1,646,1,1
res_country_state_city_2,646,1,1
res_country_state_city_3,646,1,1
res_country_state_city_4,646,1,1
res_country_state_city_5,646,1,1
res_country_state_city_6,646,1,1
res_country_state_city_7,646,1,1
res_country_state_city_8,646,1,1
res_country_state_city_9,646,1,1
res_country_state_city_10,646,1,1
res_country_state_city_11,646,1,1
res_country_state_city_12,646,1,1
res_country_state_city_13,646,1,1
res_country_state_city_14,646,1,1
res_country_state_city_15,646,1,1
res_country_state_city_16,646,1,1
res_country_state_city_17,646,1,1
res_country_state_city_18,646,1,1
res_country_state_city_19,646,1,1
res_country_state_city_20,646,1,1
res_country_state_city_21,646,1,1
res_country_state_city_22,646,1,1
res_country_state_city_23,646,1,1
res_country_state_city_24,646,1,1
res_country_state_city_25,646,1,1
res_country_state_city_26,646,1,1
res_country_state_city_27,646,1,1
res_country_state_city_28,646,1,1
res_country_state_city_29,646,1,1
res_country_state_city_30,646,1,1
res_country_state_city_31,646,1,1
res_country_state_city_32,646,1,1
res_country_state_city_33,646,1,1
res_country_state_city_34,646,1,1
res_country_state_city_35,646,1,1
res_country_state_city_36,646,1,1
res_country_state_city_37,646,1,1
res_country_state_city_38,646,1,1
res_country_state_city_39,646,1,1
res_country_state_city_40,646,1,1
res_country_state_city_41,646,1,1
res_country_state_city_42,646,1,1
res_country_state_city_43,646,1,1
res_country_state_city_44,646,1,1
res_country_state_city_45,646,1,1
res_country_state_city_46,646,1,1
res_country_state_city_47,646,1,1
res_country_state_city_48,646,1,1
res_country_state_city_49,646,1,1
res_country_state_city_50,646,1,1
res_country_state_city_51,646,1,1
res_country_state_city_52,646,1,1
res_country_state_city_53,646,1,1
res_country_state_city_54,646,1,1
res_country_state_city_55,646,1,1
res_country_state_city_56,646,1,1
res_country_state_city_57,646,1,1
res_country_state_city_58,646,1,1
res_country_state_city_59,646,1,1
res_country_state_city_60,646,1,1
res_country_state_city_61,646,1,1
res_country_state_city_62,646,1,1
res_country_state_city_63,646,1,1
res_country_state_city_64,646,1,1
res_country_state_city_65,646,1,1
res_country_state_city_66,646,1,1
res_country_state_city_67,646,1,1
res_country_state_city_68,646,1,1
res_country_state_city_69,646,1,1
res_country_state_city_70,646,1,1
res_country_state_city_71,646,1,1
res_country_state_city_72,646,1,1
res_country_state_city_73,646,1,1
res_country_state_city_74,646,1,1
res_country_state_city_75,646,1,1
res_country_state_city_76,646,1,1
res_country_state_city_77,646,1,1
res_country_state_city_78,646,1,1
res_country_state_city_79,646,1,1
res_country_state_city_80,646,1,1
res_country_state_city_81,646,1,1
res_country_state_city_82,646,1,1
res_country_state_city_83,646,1,1
res_country_state_city_84,646,1,1
res_country_state_city_85,646,1,1
res_country_state_city_86,646,1,1
res_country_state_city_87,646,1,1
res_country_state_city_88,646,1,1
res_country_state_city_89,646,1,1
res_country_state_city_90,646,1,1
res_country_state_city_91,646,1,1
res_country_state_city_92,646,1,1
res_country_state_city_93,646,1,1
res_country_state_city_94,646,1,1
res_country_state_city_95,646,1,1
res_country_state_city_96,646,1,1
res_country_state_city_97,646,1,1
res_country_state_city_98,646,1,1
res_country_state_city_99,646,1,1
res_country_state_city_100,646,1,1
res_country_state_city_101,646,1,1
res_country_state_city_102,646,1,1
res_country_state_city_103,646,1,1
res_country_state_city_104,646,1,1
res_country_state_city_105,646,1,1
res_country_state_city_106,646,1,1
res_country_state_city_107,646,1,1
res_country_state_city_108,646,1,1
res_country_state_city_109,646,1,1
res_country_state_city_110,646,1,1
res_country_state_city_111,646,1,1
res_country_state_city_112,646,1,1
res_country_state_city_113,646,1,1
res_country_state_city_114,646,1,1
res_country_state_city_115,646,1,1
res_country_state_city_116,646,1,1
res_country_state_city_117,646,1,1
res_country_state_city_118,646,1,1
res_country_state_city_119,646,1,1
res_country_state_city_120,646,1,1
res_country_state_city_121,646,1,1
res_country_state_city_122,646,1,1
res_country_state_city_123,646,1,1
res_country_state_city_124,646,1,1
res_country_state_city_125,646,1,1
res_country_state_city_126,647,1,1
res_country_state_city_127,647,1,1
res_country_state_city_128,647,1,1
res_country_state_city_129,647,1,1
res_country_state_city_130,647,1,1
res_country_state_city_131,647,1,1
res_country_state_city_132,647,1,1
res_country_state_city_133,647,1,1
res_country_state_city_134,647,1,1
res_country_state_city_135,647,1,1
res_country_state_city_136,647,1,1
res_country_state_city_137,647,1,1
res_country_state_city_138,647,1,1
res_country_state_city_139,647,1,1
res_country_state_city_140,647,1,1
res_country_state_city_141,647,1,1
res_country_state_city_142,647,1,1
res_country_state_city_143,647,1,1
res_country_state_city_144,647,1,1
res_country_state_city_145,647,1,1
res_country_state_city_146,647,1,1
res_country_state_city_147,647,1,1
res_country_state_city_148,647,1,1
res_country_state_city_149,648,1,1
res_country_state_city_150,649,1,1
res_country_state_city_151,649,1,1
res_country_state_city_152,649,1,1
res_country_state_city_153,649,1,1
res_country_state_city_154,649,1,1
res_country_state_city_155,649,1,1
res_country_state_city_156,649,1,1
res_country_state_city_157,649,1,1
res_country_state_city_158,649,1,1
res_country_state_city_159,649,1,1
res_country_state_city_160,649,1,1
res_country_state_city_161,649,1,1
res_country_state_city_162,649,1,1
res_country_state_city_163,649,1,1
res_country_state_city_164,649,1,1
res_country_state_city_165,649,1,1
res_country_state_city_166,649,1,1
res_country_state_city_167,649,1,1
res_country_state_city_168,649,1,1
res_country_state_city_169,649,1,1
res_country_state_city_170,649,1,1
res_country_state_city_171,649,1,1
res_country_state_city_172,649,1,1
res_country_state_city_173,649,1,1
res_country_state_city_174,649,1,1
res_country_state_city_175,649,1,1
res_country_state_city_176,649,1,1
res_country_state_city_177,649,1,1
res_country_state_city_178,649,1,1
res_country_state_city_179,649,1,1
res_country_state_city_180,649,1,1
res_country_state_city_181,649,1,1
res_country_state_city_182,649,1,1
res_country_state_city_183,649,1,1
res_country_state_city_184,649,1,1
res_country_state_city_185,649,1,1
res_country_state_city_186,649,1,1
res_country_state_city_187,649,1,1
res_country_state_city_188,649,1,1
res_country_state_city_189,649,1,1
res_country_state_city_190,649,1,1
res_country_state_city_191,649,1,1
res_country_state_city_192,649,1,1
res_country_state_city_193,649,1,1
res_country_state_city_194,649,1,1
res_country_state_city_195,649,1,1
res_country_state_city_196,650,1,1
res_country_state_city_197,650,1,1
res_country_state_city_198,650,1,1
res_country_state_city_199,650,1,1
res_country_state_city_200,650,1,1
res_country_state_city_201,650,1,1
res_country_state_city_202,650,1,1
res_country_state_city_203,650,1,1
res_country_state_city_204,650,1,1
res_country_state_city_205,650,1,1
res_country_state_city_206,650,1,1
res_country_state_city_207,650,1,1
res_country_state_city_208,650,1,1
res_country_state_city_209,650,1,1
res_country_state_city_210,650,1,1
res_country_state_city_211,650,1,1
res_country_state_city_212,650,1,1
res_country_state_city_213,650,1,1
res_country_state_city_214,650,1,1
res_country_state_city_215,650,1,1
res_country_state_city_216,650,1,1
res_country_state_city_217,650,1,1
res_country_state_city_218,650,1,1
res_country_state_city_219,650,1,1
res_country_state_city_220,650,1,1
res_country_state_city_221,650,1,1
res_country_state_city_222,650,1,1
res_country_state_city_223,650,1,1
res_country_state_city_224,650,1,1
res_country_state_city_225,650,1,1
res_country_state_city_226,650,1,1
res_country_state_city_227,650,1,1
res_country_state_city_228,650,1,1
res_country_state_city_229,650,1,1
res_country_state_city_230,650,1,1
res_country_state_city_231,650,1,1
res_country_state_city_232,650,1,1
res_country_state_city_233,650,1,1
res_country_state_city_234,650,1,1
res_country_state_city_235,650,1,1
res_country_state_city_236,650,1,1
res_country_state_city_237,650,1,1
res_country_state_city_238,650,1,1
res_country_state_city_239,650,1,1
res_country_state_city_240,650,1,1
res_country_state_city_241,650,1,1
res_country_state_city_242,650,1,1
res_country_state_city_243,650,1,1
res_country_state_city_244,650,1,1
res_country_state_city_245,650,1,1
res_country_state_city_246,650,1,1
res_country_state_city_247,650,1,1
res_country_state_city_248,650,1,1
res_country_state_city_249,650,1,1
res_country_state_city_250,650,1,1
res_country_state_city_251,650,1,1
res_country_state_city_252,650,1,1
res_country_state_city_253,650,1,1
res_country_state_city_254,650,1,1
res_country_state_city_255,650,1,1
res_country_state_city_256,650,1,1
res_country_state_city_257,650,1,1
res_country_state_city_258,650,1,1
res_country_state_city_259,650,1,1
res_country_state_city_260,650,1,1
res_country_state_city_261,650,1,1
res_country_state_city_262,650,1,1
res_country_state_city_263,650,1,1
res_country_state_city_264,650,1,1
res_country_state_city_265,650,1,1
res_country_state_city_266,650,1,1
res_country_state_city_267,650,1,1
res_country_state_city_268,650,1,1
res_country_state_city_269,650,1,1
res_country_state_city_270,650,1,1
res_country_state_city_271,650,1,1
res_country_state_city_272,650,1,1
res_country_state_city_273,650,1,1
res_country_state_city_274,650,1,1
res_country_state_city_275,650,1,1
res_country_state_city_276,650,1,1
res_country_state_city_277,650,1,1
res_country_state_city_278,650,1,1
res_country_state_city_279,650,1,1
res_country_state_city_280,650,1,1
res_country_state_city_281,650,1,1
res_country_state_city_282,650,1,1
res_country_state_city_283,650,1,1
res_country_state_city_284,650,1,1
res_country_state_city_285,650,1,1
res_country_state_city_286,650,1,1
res_country_state_city_287,650,1,1
res_country_state_city_288,650,1,1
res_country_state_city_289,650,1,1
res_country_state_city_290,650,1,1
res_country_state_city_291,650,1,1
res_country_state_city_292,650,1,1
res_country_state_city_293,650,1,1
res_country_state_city_294,650,1,1
res_country_state_city_295,650,1,1
res_country_state_city_296,650,1,1
res_country_state_city_297,650,1,1
res_country_state_city_298,650,1,1
res_country_state_city_299,650,1,1
res_country_state_city_300,650,1,1
res_country_state_city_301,650,1,1
res_country_state_city_302,650,1,1
res_country_state_city_303,650,1,1
res_country_state_city_304,650,1,1
res_country_state_city_305,650,1,1
res_country_state_city_306,650,1,1
res_country_state_city_307,650,1,1
res_country_state_city_308,650,1,1
res_country_state_city_309,650,1,1
res_country_state_city_310,650,1,1
res_country_state_city_311,650,1,1
res_country_state_city_312,650,1,1
res_country_state_city_313,650,1,1
res_country_state_city_314,650,1,1
res_country_state_city_315,650,1,1
res_country_state_city_316,650,1,1
res_country_state_city_317,650,1,1
res_country_state_city_318,650,1,1
res_country_state_city_319,651,1,1
res_country_state_city_320,651,1,1
res_country_state_city_321,651,1,1
res_country_state_city_322,651,1,1
res_country_state_city_323,651,1,1
res_country_state_city_324,651,1,1
res_country_state_city_325,651,1,1
res_country_state_city_326,651,1,1
res_country_state_city_327,651,1,1
res_country_state_city_328,651,1,1
res_country_state_city_329,651,1,1
res_country_state_city_330,651,1,1
res_country_state_city_331,651,1,1
res_country_state_city_332,651,1,1
res_country_state_city_333,651,1,1
res_country_state_city_334,651,1,1
res_country_state_city_335,651,1,1
res_country_state_city_336,651,1,1
res_country_state_city_337,651,1,1
res_country_state_city_338,651,1,1
res_country_state_city_339,651,1,1
res_country_state_city_340,651,1,1
res_country_state_city_341,651,1,1
res_country_state_city_342,651,1,1
res_country_state_city_343,651,1,1
res_country_state_city_344,651,1,1
res_country_state_city_345,651,1,1
res_country_state_city_346,652,1,1
res_country_state_city_347,652,1,1
res_country_state_city_348,652,1,1
res_country_state_city_349,652,1,1
res_country_state_city_350,652,1,1
res_country_state_city_351,652,1,1
res_country_state_city_352,652,1,1
res_country_state_city_353,652,1,1
res_country_state_city_354,652,1,1
res_country_state_city_355,652,1,1
res_country_state_city_356,652,1,1
res_country_state_city_357,652,1,1
res_country_state_city_358,652,1,1
res_country_state_city_359,652,1,1
res_country_state_city_360,652,1,1
res_country_state_city_361,652,1,1
res_country_state_city_362,653,1,1
res_country_state_city_363,653,1,1
res_country_state_city_364,653,1,1
res_country_state_city_365,653,1,1
res_country_state_city_366,653,1,1
res_country_state_city_367,653,1,1
res_country_state_city_368,653,1,1
res_country_state_city_369,653,1,1
res_country_state_city_370,653,1,1
res_country_state_city_371,653,1,1
res_country_state_city_372,653,1,1
res_country_state_city_373,653,1,1
res_country_state_city_374,653,1,1
res_country_state_city_375,653,1,1
res_country_state_city_376,653,1,1
res_country_state_city_377,653,1,1
res_country_state_city_378,653,1,1
res_country_state_city_379,653,1,1
res_country_state_city_380,653,1,1
res_country_state_city_381,653,1,1
res_country_state_city_382,653,1,1
res_country_state_city_383,653,1,1
res_country_state_city_384,653,1,1
res_country_state_city_385,653,1,1
res_country_state_city_386,653,1,1
res_country_state_city_387,653,1,1
res_country_state_city_388,653,1,1
res_country_state_city_389,653,1,1
res_country_state_city_390,653,1,1
res_country_state_city_391,653,1,1
res_country_state_city_392,653,1,1
res_country_state_city_393,653,1,1
res_country_state_city_394,653,1,1
res_country_state_city_395,653,1,1
res_country_state_city_396,653,1,1
res_country_state_city_397,653,1,1
res_country_state_city_398,653,1,1
res_country_state_city_399,653,1,1
res_country_state_city_400,653,1,1
res_country_state_city_401,653,1,1
res_country_state_city_402,653,1,1
res_country_state_city_403,653,1,1
res_country_state_city_404,654,1,1
res_country_state_city_405,654,1,1
res_country_state_city_406,654,1,1
res_country_state_city_407,654,1,1
res_country_state_city_408,654,1,1
res_country_state_city_409,654,1,1
res_country_state_city_410,654,1,1
res_country_state_city_411,654,1,1
res_country_state_city_412,654,1,1
res_country_state_city_413,654,1,1
res_country_state_city_414,654,1,1
res_country_state_city_415,654,1,1
res_country_state_city_416,654,1,1
res_country_state_city_417,654,1,1
res_country_state_city_418,654,1,1
res_country_state_city_419,654,1,1
res_country_state_city_420,654,1,1
res_country_state_city_421,654,1,1
res_country_state_city_422,654,1,1
res_country_state_city_423,654,1,1
res_country_state_city_424,654,1,1
res_country_state_city_425,654,1,1
res_country_state_city_426,654,1,1
res_country_state_city_427,654,1,1
res_country_state_city_428,654,1,1
res_country_state_city_429,655,1,1
res_country_state_city_430,655,1,1
res_country_state_city_431,655,1,1
res_country_state_city_432,655,1,1
res_country_state_city_433,655,1,1
res_country_state_city_434,655,1,1
res_country_state_city_435,655,1,1
res_country_state_city_436,655,1,1
res_country_state_city_437,655,1,1
res_country_state_city_438,655,1,1
res_country_state_city_439,655,1,1
res_country_state_city_440,655,1,1
res_country_state_city_441,655,1,1
res_country_state_city_442,655,1,1
res_country_state_city_443,655,1,1
res_country_state_city_444,655,1,1
res_country_state_city_445,655,1,1
res_country_state_city_446,655,1,1
res_country_state_city_447,655,1,1
res_country_state_city_448,655,1,1
res_country_state_city_449,655,1,1
res_country_state_city_450,655,1,1
res_country_state_city_451,655,1,1
res_country_state_city_452,655,1,1
res_country_state_city_453,655,1,1
res_country_state_city_454,655,1,1
res_country_state_city_455,655,1,1
res_country_state_city_456,655,1,1
res_country_state_city_457,656,1,1
res_country_state_city_458,656,1,1
res_country_state_city_459,656,1,1
res_country_state_city_460,656,1,1
res_country_state_city_461,656,1,1
res_country_state_city_462,656,1,1
res_country_state_city_463,656,1,1
res_country_state_city_464,656,1,1
res_country_state_city_465,656,1,1
res_country_state_city_466,656,1,1
res_country_state_city_467,656,1,1
res_country_state_city_468,656,1,1
res_country_state_city_469,656,1,1
res_country_state_city_470,656,1,1
res_country_state_city_471,656,1,1
res_country_state_city_472,656,1,1
res_country_state_city_473,656,1,1
res_country_state_city_474,656,1,1
res_country_state_city_475,656,1,1
res_country_state_city_476,656,1,1
res_country_state_city_477,656,1,1
res_country_state_city_478,656,1,1
res_country_state_city_479,656,1,1
res_country_state_city_480,656,1,1
res_country_state_city_481,656,1,1
res_country_state_city_482,656,1,1
res_country_state_city_483,656,1,1
res_country_state_city_484,656,1,1
res_country_state_city_485,656,1,1
res_country_state_city_486,656,1,1
res_country_state_city_487,656,1,1
res_country_state_city_488,656,1,1
res_country_state_city_489,656,1,1
res_country_state_city_490,656,1,1
res_country_state_city_491,656,1,1
res_country_state_city_492,656,1,1
res_country_state_city_493,656,1,1
res_country_state_city_494,656,1,1
res_country_state_city_495,656,1,1
res_country_state_city_496,656,1,1
res_country_state_city_497,656,1,1
res_country_state_city_498,656,1,1
res_country_state_city_499,656,1,1
res_country_state_city_500,656,1,1
res_country_state_city_501,656,1,1
res_country_state_city_502,656,1,1
res_country_state_city_503,656,1,1
res_country_state_city_504,656,1,1
res_country_state_city_505,656,1,1
res_country_state_city_506,656,1,1
res_country_state_city_507,656,1,1
res_country_state_city_508,656,1,1
res_country_state_city_509,656,1,1
res_country_state_city_510,656,1,1
res_country_state_city_511,656,1,1
res_country_state_city_512,656,1,1
res_country_state_city_513,656,1,1
res_country_state_city_514,656,1,1
res_country_state_city_515,656,1,1
res_country_state_city_516,656,1,1
res_country_state_city_517,656,1,1
res_country_state_city_518,656,1,1
res_country_state_city_519,656,1,1
res_country_state_city_520,656,1,1
res_country_state_city_521,656,1,1
res_country_state_city_522,656,1,1
res_country_state_city_523,656,1,1
res_country_state_city_524,656,1,1
res_country_state_city_525,656,1,1
res_country_state_city_526,656,1,1
res_country_state_city_527,656,1,1
res_country_state_city_528,656,1,1
res_country_state_city_529,656,1,1
res_country_state_city_530,656,1,1
res_country_state_city_531,656,1,1
res_country_state_city_532,656,1,1
res_country_state_city_533,656,1,1
res_country_state_city_534,656,1,1
res_country_state_city_535,656,1,1
res_country_state_city_536,656,1,1
res_country_state_city_537,656,1,1
res_country_state_city_538,656,1,1
res_country_state_city_539,656,1,1
res_country_state_city_540,656,1,1
res_country_state_city_541,656,1,1
res_country_state_city_542,656,1,1
res_country_state_city_543,656,1,1
res_country_state_city_544,656,1,1
res_country_state_city_545,656,1,1
res_country_state_city_546,656,1,1
res_country_state_city_547,656,1,1
res_country_state_city_548,656,1,1
res_country_state_city_549,656,1,1
res_country_state_city_550,656,1,1
res_country_state_city_551,656,1,1
res_country_state_city_552,656,1,1
res_country_state_city_553,656,1,1
res_country_state_city_554,656,1,1
res_country_state_city_555,656,1,1
res_country_state_city_556,656,1,1
res_country_state_city_557,656,1,1
res_country_state_city_558,656,1,1
res_country_state_city_559,656,1,1
res_country_state_city_560,656,1,1
res_country_state_city_561,656,1,1
res_country_state_city_562,656,1,1
res_country_state_city_563,656,1,1
res_country_state_city_564,656,1,1
res_country_state_city_565,656,1,1
res_country_state_city_566,656,1,1
res_country_state_city_567,656,1,1
res_country_state_city_568,656,1,1
res_country_state_city_569,656,1,1
res_country_state_city_570,656,1,1
res_country_state_city_571,656,1,1
res_country_state_city_572,656,1,1
res_country_state_city_573,657,1,1
res_country_state_city_574,657,1,1
res_country_state_city_575,657,1,1
res_country_state_city_576,657,1,1
res_country_state_city_577,657,1,1
res_country_state_city_578,657,1,1
res_country_state_city_579,657,1,1
res_country_state_city_580,657,1,1
res_country_state_city_581,657,1,1
res_country_state_city_582,657,1,1
res_country_state_city_583,657,1,1
res_country_state_city_584,657,1,1
res_country_state_city_585,657,1,1
res_country_state_city_586,657,1,1
res_country_state_city_587,657,1,1
res_country_state_city_588,657,1,1
res_country_state_city_589,657,1,1
res_country_state_city_590,657,1,1
res_country_state_city_591,657,1,1
res_country_state_city_592,657,1,1
res_country_state_city_593,657,1,1
res_country_state_city_594,657,1,1
res_country_state_city_595,657,1,1
res_country_state_city_596,657,1,1
res_country_state_city_597,657,1,1
res_country_state_city_598,657,1,1
res_country_state_city_599,657,1,1
res_country_state_city_600,657,1,1
res_country_state_city_601,657,1,1
res_country_state_city_602,657,1,1
res_country_state_city_603,658,1,1
res_country_state_city_604,658,1,1
res_country_state_city_605,658,1,1
res_country_state_city_606,658,1,1
res_country_state_city_607,658,1,1
res_country_state_city_608,658,1,1
res_country_state_city_609,658,1,1
res_country_state_city_610,658,1,1
res_country_state_city_611,658,1,1
res_country_state_city_612,658,1,1
res_country_state_city_613,658,1,1
res_country_state_city_614,658,1,1
res_country_state_city_615,658,1,1
res_country_state_city_616,658,1,1
res_country_state_city_617,658,1,1
res_country_state_city_618,658,1,1
res_country_state_city_619,658,1,1
res_country_state_city_620,658,1,1
res_country_state_city_621,658,1,1
res_country_state_city_622,658,1,1
res_country_state_city_623,658,1,1
res_country_state_city_624,658,1,1
res_country_state_city_625,658,1,1
res_country_state_city_626,658,1,1
res_country_state_city_627,658,1,1
res_country_state_city_628,658,1,1
res_country_state_city_629,658,1,1
res_country_state_city_630,658,1,1
res_country_state_city_631,658,1,1
res_country_state_city_632,658,1,1
res_country_state_city_633,658,1,1
res_country_state_city_634,658,1,1
res_country_state_city_635,658,1,1
res_country_state_city_636,658,1,1
res_country_state_city_637,658,1,1
res_country_state_city_638,658,1,1
res_country_state_city_639,658,1,1
res_country_state_city_640,659,1,1
res_country_state_city_641,659,1,1
res_country_state_city_642,659,1,1
res_country_state_city_643,659,1,1
res_country_state_city_644,659,1,1
res_country_state_city_645,659,1,1
res_country_state_city_646,659,1,1
res_country_state_city_647,659,1,1
res_country_state_city_648,659,1,1
res_country_state_city_649,659,1,1
res_country_state_city_650,659,1,1
res_country_state_city_651,659,1,1
res_country_state_city_652,659,1,1
res_country_state_city_653,659,1,1
res_country_state_city_654,659,1,1
res_country_state_city_655,660,1,1
res_country_state_city_656,660,1,1
res_country_state_city_657,660,1,1
res_country_state_city_658,660,1,1
res_country_state_city_659,660,1,1
res_country_state_city_660,660,1,1
res_country_state_city_661,660,1,1
res_country_state_city_662,660,1,1
res_country_state_city_663,660,1,1
res_country_state_city_664,660,1,1
res_country_state_city_665,660,1,1
res_country_state_city_666,660,1,1
res_country_state_city_667,660,1,1
res_country_state_city_668,660,1,1
res_country_state_city_669,660,1,1
res_country_state_city_670,660,1,1
res_country_state_city_671,660,1,1
res_country_state_city_672,660,1,1
res_country_state_city_673,660,1,1
res_country_state_city_674,660,1,1
res_country_state_city_675,660,1,1
res_country_state_city_676,660,1,1
res_country_state_city_677,660,1,1
res_country_state_city_678,660,1,1
res_country_state_city_679,660,1,1
res_country_state_city_680,660,1,1
res_country_state_city_681,660,1,1
res_country_state_city_682,660,1,1
res_country_state_city_683,660,1,1
res_country_state_city_684,660,1,1
res_country_state_city_685,661,1,1
res_country_state_city_686,661,1,1
res_country_state_city_687,661,1,1
res_country_state_city_688,661,1,1
res_country_state_city_689,661,1,1
res_country_state_city_690,661,1,1
res_country_state_city_691,661,1,1
res_country_state_city_692,661,1,1
res_country_state_city_693,661,1,1
res_country_state_city_694,661,1,1
res_country_state_city_695,661,1,1
res_country_state_city_696,661,1,1
res_country_state_city_697,661,1,1
res_country_state_city_698,661,1,1
res_country_state_city_699,661,1,1
res_country_state_city_700,661,1,1
res_country_state_city_701,661,1,1
res_country_state_city_702,661,1,1
res_country_state_city_703,661,1,1
res_country_state_city_704,661,1,1
res_country_state_city_705,661,1,1
res_country_state_city_706,661,1,1
res_country_state_city_707,661,1,1
res_country_state_city_708,661,1,1
res_country_state_city_709,661,1,1
res_country_state_city_710,661,1,1
res_country_state_city_711,661,1,1
res_country_state_city_712,661,1,1
res_country_state_city_713,661,1,1
res_country_state_city_714,662,1,1
res_country_state_city_715,662,1,1
res_country_state_city_716,662,1,1
res_country_state_city_717,662,1,1
res_country_state_city_718,662,1,1
res_country_state_city_719,662,1,1
res_country_state_city_720,662,1,1
res_country_state_city_721,662,1,1
res_country_state_city_722,662,1,1
res_country_state_city_723,662,1,1
res_country_state_city_724,662,1,1
res_country_state_city_725,662,1,1
res_country_state_city_726,662,1,1
res_country_state_city_727,662,1,1
res_country_state_city_728,662,1,1
res_country_state_city_729,662,1,1
res_country_state_city_730,662,1,1
res_country_state_city_731,662,1,1
res_country_state_city_732,662,1,1
res_country_state_city_733,662,1,1
res_country_state_city_734,662,1,1
res_country_state_city_735,662,1,1
res_country_state_city_736,662,1,1
res_country_state_city_737,662,1,1
res_country_state_city_738,662,1,1
res_country_state_city_739,662,1,1
res_country_state_city_740,662,1,1
res_country_state_city_741,662,1,1
res_country_state_city_742,662,1,1
res_country_state_city_743,662,1,1
res_country_state_city_744,662,1,1
res_country_state_city_745,662,1,1
res_country_state_city_746,662,1,1
res_country_state_city_747,662,1,1
res_country_state_city_748,662,1,1
res_country_state_city_749,662,1,1
res_country_state_city_750,662,1,1
res_country_state_city_751,662,1,1
res_country_state_city_752,662,1,1
res_country_state_city_753,662,1,1
res_country_state_city_754,662,1,1
res_country_state_city_755,662,1,1
res_country_state_city_756,662,1,1
res_country_state_city_757,662,1,1
res_country_state_city_758,662,1,1
res_country_state_city_759,662,1,1
res_country_state_city_760,662,1,1
res_country_state_city_761,662,1,1
res_country_state_city_762,662,1,1
res_country_state_city_763,662,1,1
res_country_state_city_764,662,1,1
res_country_state_city_765,662,1,1
res_country_state_city_766,662,1,1
res_country_state_city_767,662,1,1
res_country_state_city_768,662,1,1
res_country_state_city_769,662,1,1
res_country_state_city_770,662,1,1
res_country_state_city_771,662,1,1
res_country_state_city_772,662,1,1
res_country_state_city_773,662,1,1
res_country_state_city_774,662,1,1
res_country_state_city_775,662,1,1
res_country_state_city_776,662,1,1
res_country_state_city_777,662,1,1
res_country_state_city_778,663,1,1
res_country_state_city_779,663,1,1
res_country_state_city_780,663,1,1
res_country_state_city_781,663,1,1
res_country_state_city_782,663,1,1
res_country_state_city_783,663,1,1
res_country_state_city_784,663,1,1
res_country_state_city_785,663,1,1
res_country_state_city_786,663,1,1
res_country_state_city_787,663,1,1
res_country_state_city_788,663,1,1
res_country_state_city_789,663,1,1
res_country_state_city_790,663,1,1
res_country_state_city_791,663,1,1
res_country_state_city_792,663,1,1
res_country_state_city_793,663,1,1
res_country_state_city_794,663,1,1
res_country_state_city_795,663,1,1
res_country_state_city_796,663,1,1
res_country_state_city_797,663,1,1
res_country_state_city_798,663,1,1
res_country_state_city_799,663,1,1
res_country_state_city_800,663,1,1
res_country_state_city_801,663,1,1
res_country_state_city_802,663,1,1
res_country_state_city_803,663,1,1
res_country_state_city_804,663,1,1
res_country_state_city_805,663,1,1
res_country_state_city_806,663,1,1
res_country_state_city_807,663,1,1
res_country_state_city_808,663,1,1
res_country_state_city_809,663,1,1
res_country_state_city_810,663,1,1
res_country_state_city_811,663,1,1
res_country_state_city_812,663,1,1
res_country_state_city_813,663,1,1
res_country_state_city_814,663,1,1
res_country_state_city_815,663,1,1
res_country_state_city_816,663,1,1
res_country_state_city_817,663,1,1
res_country_state_city_818,664,1,1
res_country_state_city_819,664,1,1
res_country_state_city_820,664,1,1
res_country_state_city_821,664,1,1
res_country_state_city_822,664,1,1
res_country_state_city_823,664,1,1
res_country_state_city_824,664,1,1
res_country_state_city_825,664,1,1
res_country_state_city_826,664,1,1
res_country_state_city_827,664,1,1
res_country_state_city_828,664,1,1
res_country_state_city_829,664,1,1
res_country_state_city_830,665,1,1
res_country_state_city_831,665,1,1
res_country_state_city_832,665,1,1
res_country_state_city_833,665,1,1
res_country_state_city_834,665,1,1
res_country_state_city_835,665,1,1
res_country_state_city_836,665,1,1
res_country_state_city_837,665,1,1
res_country_state_city_838,665,1,1
res_country_state_city_839,665,1,1
res_country_state_city_840,665,1,1
res_country_state_city_841,665,1,1
res_country_state_city_842,665,1,1
res_country_state_city_843,665,1,1
res_country_state_city_844,666,1,1
res_country_state_city_845,666,1,1
res_country_state_city_846,666,1,1
res_country_state_city_847,666,1,1
res_country_state_city_848,666,1,1
res_country_state_city_849,666,1,1
res_country_state_city_850,666,1,1
res_country_state_city_851,666,1,1
res_country_state_city_852,666,1,1
res_country_state_city_853,666,1,1
res_country_state_city_854,666,1,1
res_country_state_city_855,666,1,1
res_country_state_city_856,666,1,1
res_country_state_city_857,666,1,1
res_country_state_city_858,666,1,1
res_country_state_city_859,666,1,1
res_country_state_city_860,666,1,1
res_country_state_city_861,666,1,1
res_country_state_city_862,666,1,1
res_country_state_city_863,666,1,1
res_country_state_city_864,666,1,1
res_country_state_city_865,666,1,1
res_country_state_city_866,666,1,1
res_country_state_city_867,666,1,1
res_country_state_city_868,666,1,1
res_country_state_city_869,666,1,1
res_country_state_city_870,666,1,1
res_country_state_city_871,666,1,1
res_country_state_city_872,666,1,1
res_country_state_city_873,666,1,1
res_country_state_city_874,666,1,1
res_country_state_city_875,666,1,1
res_country_state_city_876,666,1,1
res_country_state_city_877,666,1,1
res_country_state_city_878,666,1,1
res_country_state_city_879,666,1,1
res_country_state_city_880,666,1,1
res_country_state_city_881,666,1,1
res_country_state_city_882,666,1,1
res_country_state_city_883,666,1,1
res_country_state_city_884,666,1,1
res_country_state_city_885,666,1,1
res_country_state_city_886,666,1,1
res_country_state_city_887,666,1,1
res_country_state_city_888,666,1,1
res_country_state_city_889,666,1,1
res_country_state_city_890,666,1,1
res_country_state_city_891,666,1,1
res_country_state_city_892,666,1,1
res_country_state_city_893,666,1,1
res_country_state_city_894,666,1,1
res_country_state_city_895,666,1,1
res_country_state_city_896,666,1,1
res_country_state_city_897,666,1,1
res_country_state_city_898,666,1,1
res_country_state_city_899,666,1,1
res_country_state_city_900,666,1,1
res_country_state_city_901,666,1,1
res_country_state_city_902,666,1,1
res_country_state_city_903,666,1,1
res_country_state_city_904,666,1,1
res_country_state_city_905,666,1,1
res_country_state_city_906,666,1,1
res_country_state_city_907,666,1,1
res_country_state_city_908,666,1,1
res_country_state_city_909,666,1,1
res_country_state_city_910,666,1,1
res_country_state_city_911,666,1,1
res_country_state_city_912,666,1,1
res_country_state_city_913,666,1,1
res_country_state_city_914,666,1,1
res_country_state_city_915,666,1,1
res_country_state_city_916,666,1,1
res_country_state_city_917,666,1,1
res_country_state_city_918,666,1,1
res_country_state_city_919,666,1,1
res_country_state_city_920,666,1,1
res_country_state_city_921,666,1,1
res_country_state_city_922,666,1,1
res_country_state_city_923,666,1,1
res_country_state_city_924,666,1,1
res_country_state_city_925,666,1,1
res_country_state_city_926,666,1,1
res_country_state_city_927,666,1,1
res_country_state_city_928,666,1,1
res_country_state_city_929,666,1,1
res_country_state_city_930,666,1,1
res_country_state_city_931,667,1,1
res_country_state_city_932,667,1,1
res_country_state_city_933,667,1,1
res_country_state_city_934,667,1,1
res_country_state_city_935,667,1,1
res_country_state_city_936,667,1,1
res_country_state_city_937,667,1,1
res_country_state_city_938,667,1,1
res_country_state_city_939,667,1,1
res_country_state_city_940,667,1,1
res_country_state_city_941,667,1,1
res_country_state_city_942,667,1,1
res_country_state_city_943,667,1,1
res_country_state_city_944,667,1,1
res_country_state_city_945,667,1,1
res_country_state_city_946,667,1,1
res_country_state_city_947,667,1,1
res_country_state_city_948,667,1,1
res_country_state_city_949,667,1,1
res_country_state_city_950,667,1,1
res_country_state_city_951,667,1,1
res_country_state_city_952,667,1,1
res_country_state_city_953,667,1,1
res_country_state_city_954,667,1,1
res_country_state_city_955,667,1,1
res_country_state_city_956,667,1,1
res_country_state_city_957,668,1,1
res_country_state_city_958,668,1,1
res_country_state_city_959,668,1,1
res_country_state_city_960,668,1,1
res_country_state_city_961,668,1,1
res_country_state_city_962,668,1,1
res_country_state_city_963,668,1,1
res_country_state_city_964,668,1,1
res_country_state_city_965,668,1,1
res_country_state_city_966,668,1,1
res_country_state_city_967,668,1,1
res_country_state_city_968,668,1,1
res_country_state_city_969,668,1,1
res_country_state_city_970,668,1,1
res_country_state_city_971,668,1,1
res_country_state_city_972,668,1,1
res_country_state_city_973,668,1,1
res_country_state_city_974,668,1,1
res_country_state_city_975,668,1,1
res_country_state_city_976,668,1,1
res_country_state_city_977,668,1,1
res_country_state_city_978,668,1,1
res_country_state_city_979,668,1,1
res_country_state_city_980,668,1,1
res_country_state_city_981,668,1,1
res_country_state_city_982,668,1,1
res_country_state_city_983,668,1,1
res_country_state_city_984,668,1,1
res_country_state_city_985,668,1,1
res_country_state_city_986,668,1,1
res_country_state_city_987,668,1,1
res_country_state_city_988,668,1,1
res_country_state_city_989,668,1,1
res_country_state_city_990,668,1,1
res_country_state_city_991,668,1,1
res_country_state_city_992,668,1,1
res_country_state_city_993,668,1,1
res_country_state_city_994,668,1,1
res_country_state_city_995,668,1,1
res_country_state_city_996,668,1,1
res_country_state_city_997,668,1,1
res_country_state_city_998,668,1,1
res_country_state_city_999,668,1,1
res_country_state_city_1000,668,1,1
res_country_state_city_1001,668,1,1
res_country_state_city_1002,668,1,1
res_country_state_city_1003,668,1,1
res_country_state_city_1004,669,1,1
res_country_state_city_1005,669,1,1
res_country_state_city_1006,669,1,1
res_country_state_city_1007,669,1,1
res_country_state_city_1008,669,1,1
res_country_state_city_1009,669,1,1
res_country_state_city_1010,669,1,1
res_country_state_city_1011,669,1,1
res_country_state_city_1012,669,1,1
res_country_state_city_1013,669,1,1
res_country_state_city_1014,669,1,1
res_country_state_city_1015,669,1,1
res_country_state_city_1016,669,1,1
res_country_state_city_1017,669,1,1
res_country_state_city_1018,669,1,1
res_country_state_city_1019,669,1,1
res_country_state_city_1020,669,1,1
res_country_state_city_1021,669,1,1
res_country_state_city_1022,669,1,1
res_country_state_city_1023,669,1,1
res_country_state_city_1024,669,1,1
res_country_state_city_1025,669,1,1
res_country_state_city_1026,669,1,1
res_country_state_city_1027,669,1,1
res_country_state_city_1028,669,1,1
res_country_state_city_1029,669,1,1
res_country_state_city_1030,669,1,1
res_country_state_city_1031,669,1,1
res_country_state_city_1032,669,1,1
res_country_state_city_1033,669,1,1
res_country_state_city_1034,669,1,1
res_country_state_city_1035,669,1,1
res_country_state_city_1036,669,1,1
res_country_state_city_1037,669,1,1
res_country_state_city_1038,669,1,1
res_country_state_city_1039,669,1,1
res_country_state_city_1040,669,1,1
res_country_state_city_1041,669,1,1
res_country_state_city_1042,669,1,1
res_country_state_city_1043,669,1,1
res_country_state_city_1044,669,1,1
res_country_state_city_1045,669,1,1
res_country_state_city_1046,670,1,1
res_country_state_city_1047,670,1,1
res_country_state_city_1048,670,1,1
res_country_state_city_1049,670,1,1
res_country_state_city_1050,670,1,1
res_country_state_city_1051,670,1,1
res_country_state_city_1052,670,1,1
res_country_state_city_1053,671,1,1
res_country_state_city_1054,671,1,1
res_country_state_city_1055,671,1,1
res_country_state_city_1056,671,1,1
res_country_state_city_1057,671,1,1
res_country_state_city_1058,671,1,1
res_country_state_city_1059,671,1,1
res_country_state_city_1060,671,1,1
res_country_state_city_1061,671,1,1
res_country_state_city_1062,671,1,1
res_country_state_city_1063,671,1,1
res_country_state_city_1064,671,1,1
res_country_state_city_1065,671,1,1
res_country_state_city_1066,671,1,1
res_country_state_city_1067,671,1,1
res_country_state_city_1068,671,1,1
res_country_state_city_1069,671,1,1
res_country_state_city_1070,671,1,1
res_country_state_city_1071,671,1,1
res_country_state_city_1072,672,1,1
res_country_state_city_1073,672,1,1
res_country_state_city_1074,672,1,1
res_country_state_city_1075,672,1,1
res_country_state_city_1076,672,1,1
res_country_state_city_1077,672,1,1
res_country_state_city_1078,672,1,1
res_country_state_city_1079,672,1,1
res_country_state_city_1080,672,1,1
res_country_state_city_1081,672,1,1
res_country_state_city_1082,672,1,1
res_country_state_city_1083,672,1,1
res_country_state_city_1084,672,1,1
res_country_state_city_1085,673,1,1
res_country_state_city_1086,673,1,1
res_country_state_city_1087,674,1,1
res_country_state_city_1088,674,1,1
res_country_state_city_1089,674,1,1
res_country_state_city_1090,674,1,1
res_country_state_city_1091,674,1,1
res_country_state_city_1092,674,1,1
res_country_state_city_1093,674,1,1
res_country_state_city_1094,674,1,1
res_country_state_city_1095,674,1,1
res_country_state_city_1096,674,1,1
res_country_state_city_1097,674,1,1
res_country_state_city_1098,675,1,1
res_country_state_city_1099,675,1,1
res_country_state_city_1100,675,1,1
res_country_state_city_1101,675,1,1
res_country_state_city_1102,675,1,1
res_country_state_city_1103,675,1,1
res_country_state_city_1104,675,1,1
res_country_state_city_1105,675,1,1
res_country_state_city_1106,675,1,1
res_country_state_city_1107,676,1,1
res_country_state_city_1108,676,1,1
res_country_state_city_1109,676,1,1
res_country_state_city_1110,676,1,1
res_country_state_city_1111,677,1,1
res_country_state_city_1112,677,1,1
res_country_state_city_1113,677,1,1
res_country_state_city_1114,677,1,1
res_country_state_city_1115,677,1,1
res_country_state_city_1116,677,1,1
res_country_state_city_1117,678,1,1
res_country_state_city_1118,678,1,1
res_country_state_city_1119,678,1,1
res_country_state_city_1120,678,1,1
